customerID,gender,SeniorCitizen,tenure,PhoneService,InternetService,MonthlyCharges,TotalCharges,Churn
CUST00001,Female,0,9,No,Fiber optic,82.71,828.99,No
CUST00002,Female,1,72,Yes,DSL,55.8,4510.92,No
CUST00003,Male,0,1,Yes,Fiber optic,87.61,87.59,Yes
CUST00004,Female,0,6,No,DSL,96.19,629.93,Yes
CUST00005,Male,0,0,No,DSL,87.18,,No
CUST00006,Female,0,34,No,DSL,48.32,1535.68,No
CUST00007,Male,0,4,Yes,DSL,91.11,363.18,No
CUST00008,Male,1,7,Yes,DSL,109.26,744.42,Yes
CUST00009,Female,0,66,Yes,Fiber optic,80.53,5810.82,Yes
CUST00010,Male,0,9,Yes,Fiber optic,66.43,561.27,Yes
CUST00011,Female,0,40,No,No,27.57,1476.87,No
CUST00012,Male,0,19,Yes,No,38.3,748.22,No
CUST00013,Female,0,58,Yes,DSL,65.92,3616.72,No
CUST00014,Female,0,10,Yes,No,86.83,807.4,Yes
CUST00015,Male,0,64,No,Fiber optic,52.95,3298.82,Yes
CUST00016,Female,0,3,No,Fiber optic,105.74,308.29,No
CUST00017,Female,0,30,Yes,DSL,89.74,2743.6,No
CUST00018,Female,0,25,No,Fiber optic,61.89,1580.5,No
CUST00019,Female,0,64,Yes,Fiber optic,85.61,5340.92,No
CUST00020,Male,0,21,No,Fiber optic,50.31,1198.38,No
CUST00021,Male,1,13,No,No,75.11,915.55,No
CUST00022,Male,0,9,No,No,87.14,807.01,Yes
CUST00023,Female,0,41,Yes,No,56.19,2390.71,No
CUST00024,Female,0,33,No,No,49.62,1758.59,No
CUST00025,Female,0,4,Yes,DSL,106.66,406.47,No
CUST00026,Male,0,19,Yes,No,21.62,461.06,No
CUST00027,Male,1,30,No,Fiber optic,78.07,2196.5,Yes
CUST00028,Female,0,37,Yes,Fiber optic,76.51,2790.98,Yes
CUST00029,Female,0,12,No,No,32.94,485.44,No
CUST00030,Male,0,2,No,DSL,66.89,123.94,No
CUST00031,Male,0,60,Yes,DSL,54.51,3596.85,No
CUST00032,Female,0,7,No,No,88.57,667.18,No
CUST00033,Female,0,9,No,Fiber optic,101.01,941.36,Yes
CUST00034,Female,0,61,Yes,Fiber optic,73.26,4949.82,Yes
CUST00035,Male,0,42,Yes,DSL,69.71,2790.67,No
CUST00036,Female,0,46,No,Fiber optic,62.09,3240.24,No
CUST00037,Male,0,11,Yes,DSL,70.44,853.04,Yes
CUST00038,Male,0,20,No,Fiber optic,87.06,1920.63,No
CUST00039,Male,0,5,Yes,Fiber optic,66.23,340.65,No
CUST00040,Female,0,67,No,DSL,99.35,7049.73,No
CUST00041,Female,1,59,Yes,Fiber optic,33.83,2252.29,No
CUST00042,Male,0,1,Yes,No,70.19,78.21,Yes
CUST00043,Male,0,28,Yes,DSL,45.16,1068.48,No
CUST00044,Male,0,11,No,Fiber optic,61.9,783.88,No
CUST00045,Male,1,30,Yes,DSL,27.95,575.86,No
CUST00046,Female,0,53,No,DSL,68.59,3502.35,No
CUST00047,Female,1,2,No,DSL,69.11,139.58,Yes
CUST00048,Female,0,60,No,DSL,54.7,3245.79,No
CUST00049,Male,0,8,Yes,DSL,78.64,574.53,No
CUST00050,Female,0,7,Yes,No,66.33,415.51,No
CUST00051,Male,0,1,No,No,107.28,100.41,Yes
CUST00052,Male,0,50,No,Fiber optic,44.06,2554.56,Yes
CUST00053,Female,0,40,No,Fiber optic,75.53,3229.59,No
CUST00054,Female,0,8,No,DSL,78.31,558.53,Yes
CUST00055,Female,1,12,Yes,Fiber optic,90.77,972.26,No
CUST00056,Male,0,5,No,No,106.38,521.63,No
CUST00057,Male,0,72,Yes,Fiber optic,29.18,1979.16,No
CUST00058,Female,0,1,No,No,80.98,90.46,Yes
CUST00059,Female,0,50,No,Fiber optic,64.07,3071.84,Yes
CUST00060,Female,0,65,No,DSL,90.92,5721.35,No
CUST00061,Male,0,21,No,DSL,43.88,878.89,No
CUST00062,Female,0,58,Yes,Fiber optic,23.2,767.44,No
CUST00063,Female,0,4,No,DSL,102.99,424.48,No
CUST00064,Female,0,37,No,DSL,23.21,616.56,No
CUST00065,Female,0,35,No,DSL,88.7,3014.13,No
CUST00066,Female,0,2,Yes,DSL,69.74,143.17,No
CUST00067,Male,1,35,Yes,DSL,51.69,,No
CUST00068,Male,0,8,No,DSL,65.14,468.86,No
CUST00069,Male,0,18,Yes,Fiber optic,76.37,1528.0,No
CUST00070,Female,0,0,No,DSL,93.7,,No
CUST00071,Male,0,71,Yes,Fiber optic,89.49,6662.17,No
CUST00072,Male,0,11,No,Fiber optic,82.94,885.21,Yes
CUST00073,Male,0,61,Yes,No,29.79,1475.06,No
CUST00074,Male,0,67,Yes,DSL,60.98,3551.79,No
CUST00075,Female,0,0,No,Fiber optic,87.67,,Yes
CUST00076,Male,0,39,Yes,DSL,79.23,3122.44,No
CUST00077,Male,0,19,No,DSL,30.75,614.76,No
CUST00078,Female,1,37,No,DSL,28.68,1397.79,No
CUST00079,Female,0,36,Yes,DSL,87.7,2872.65,No
CUST00080,Male,0,66,Yes,No,94.59,5724.61,No
CUST00081,Male,0,15,No,Fiber optic,56.11,,No
CUST00082,Male,0,10,No,Fiber optic,93.25,850.8,Yes
CUST00083,Male,1,55,Yes,DSL,22.39,1431.25,No
CUST00084,Male,0,22,Yes,DSL,45.13,1027.8,No
CUST00085,Male,0,8,Yes,Fiber optic,91.37,782.5,Yes
CUST00086,Male,1,57,Yes,DSL,79.87,5008.17,Yes
CUST00087,Female,0,37,No,Fiber optic,57.72,1826.44,Yes
CUST00088,Male,0,30,Yes,DSL,69.5,2165.24,No
CUST00089,Female,0,10,Yes,DSL,97.97,933.63,Yes
CUST00090,Male,0,57,No,DSL,44.79,2049.49,No
CUST00091,Male,0,5,Yes,Fiber optic,79.78,413.54,No
CUST00092,Female,1,31,Yes,DSL,58.45,1850.22,Yes
CUST00093,Male,0,23,No,DSL,24.64,586.27,No
CUST00094,Male,0,59,No,No,39.48,1819.14,No
CUST00095,Male,0,69,Yes,Fiber optic,54.09,4321.87,No
CUST00096,Female,0,34,Yes,Fiber optic,71.89,2117.66,No
CUST00097,Male,0,33,Yes,DSL,99.84,3348.18,No
CUST00098,Female,0,12,No,DSL,56.39,660.74,No
CUST00099,Male,0,37,No,Fiber optic,92.77,,No
CUST00100,Male,0,59,No,Fiber optic,35.18,2280.5,No
CUST00101,Female,0,1,No,Fiber optic,87.95,82.87,Yes
CUST00102,Female,0,36,No,DSL,44.74,1570.13,No
CUST00103,Female,0,4,Yes,DSL,74.14,278.07,Yes
CUST00104,Female,1,66,No,Fiber optic,59.81,4570.91,No
CUST00105,Female,0,2,Yes,DSL,108.77,205.91,No
CUST00106,Male,0,6,Yes,No,79.79,442.41,Yes
CUST00107,Male,0,27,No,Fiber optic,59.81,1839.37,Yes
CUST00108,Male,0,47,Yes,Fiber optic,85.21,3599.38,Yes
CUST00109,Female,0,40,No,No,83.92,3695.08,No
CUST00110,Female,0,11,Yes,No,96.41,,Yes
CUST00111,Female,0,8,No,No,98.25,772.72,Yes
CUST00112,Female,0,31,No,No,77.59,2600.15,No
CUST00113,Female,1,12,No,Fiber optic,86.9,976.6,Yes
CUST00114,Female,0,44,Yes,DSL,27.28,963.39,No
CUST00115,Male,0,61,Yes,Fiber optic,90.9,5427.62,No
CUST00116,Female,0,20,Yes,DSL,99.3,2054.42,No
CUST00117,Male,0,32,Yes,Fiber optic,22.48,466.99,Yes
CUST00118,Female,0,58,No,No,37.52,2151.29,No
CUST00119,Female,0,10,No,DSL,83.51,764.4,No
CUST00120,Female,0,43,No,Fiber optic,94.79,3720.72,No
CUST00121,Male,0,45,Yes,DSL,97.46,4674.27,No
CUST00122,Male,0,71,Yes,No,60.19,3695.75,No
CUST00123,Female,0,21,Yes,DSL,50.51,1019.25,No
CUST00124,Male,0,4,No,DSL,96.28,359.03,Yes
CUST00125,Female,0,50,Yes,DSL,63.34,3507.89,No
CUST00126,Male,0,61,No,Fiber optic,32.59,1948.8,Yes
CUST00127,Female,1,9,No,DSL,107.59,975.72,Yes
CUST00128,Male,1,69,No,Fiber optic,57.24,4357.66,Yes
CUST00129,Female,1,61,No,Fiber optic,72.73,4344.14,Yes
CUST00130,Female,0,26,Yes,Fiber optic,74.39,1680.26,Yes
CUST00131,Male,0,41,No,Fiber optic,93.32,,No
CUST00132,Female,0,11,No,Fiber optic,80.04,961.32,No
CUST00133,Male,0,24,No,DSL,69.1,1874.94,No
CUST00134,Male,0,17,Yes,DSL,38.36,666.93,No
CUST00135,Male,0,35,No,DSL,90.55,2979.12,No
CUST00136,Male,0,12,Yes,No,39.82,396.95,No
CUST00137,Male,0,0,No,DSL,79.34,,No
CUST00138,Female,0,47,Yes,DSL,42.99,2046.7,No
CUST00139,Male,0,37,No,No,92.15,3073.6,No
CUST00140,Male,0,50,Yes,No,42.42,2548.34,No
CUST00141,Male,0,51,Yes,Fiber optic,35.82,2275.93,No
CUST00142,Male,0,31,Yes,DSL,57.99,1533.33,No
CUST00143,Male,0,25,No,DSL,34.73,925.13,No
CUST00144,Female,0,12,No,Fiber optic,83.05,940.56,No
CUST00145,Male,0,20,No,DSL,36.51,887.55,No
CUST00146,Female,0,29,No,No,51.41,1581.17,No
CUST00147,Female,0,51,Yes,DSL,88.83,4712.65,No
CUST00148,Male,1,70,Yes,Fiber optic,58.67,3958.47,Yes
CUST00149,Male,0,6,Yes,Fiber optic,81.62,516.68,Yes
CUST00150,Male,0,5,No,No,79.51,399.43,Yes
CUST00151,Female,0,12,Yes,Fiber optic,48.12,491.53,Yes
CUST00152,Female,1,70,No,DSL,35.81,2346.63,No
CUST00153,Male,0,40,Yes,DSL,54.51,1879.16,No
CUST00154,Female,0,71,Yes,DSL,27.05,1772.37,No
CUST00155,Female,0,41,No,Fiber optic,82.69,3045.49,Yes
CUST00156,Male,0,14,No,DSL,75.59,1182.15,No
CUST00157,Female,0,8,Yes,Fiber optic,69.33,510.65,No
CUST00158,Female,1,33,Yes,DSL,57.69,2143.37,No
CUST00159,Female,0,4,No,Fiber optic,84.28,328.97,No
CUST00160,Female,0,5,No,Fiber optic,82.55,398.09,No
CUST00161,Female,0,8,No,Fiber optic,96.65,826.48,No
CUST00162,Male,1,9,No,DSL,81.15,,Yes
CUST00163,Male,0,5,No,Fiber optic,84.6,423.15,Yes
CUST00164,Female,0,2,Yes,Fiber optic,89.3,170.58,No
CUST00165,Male,0,26,Yes,DSL,93.21,2508.57,No
CUST00166,Female,0,32,No,Fiber optic,97.13,2788.64,No
CUST00167,Female,0,21,Yes,DSL,31.26,508.34,No
CUST00168,Male,0,11,Yes,Fiber optic,68.23,810.99,No
CUST00169,Male,1,8,Yes,Fiber optic,97.72,801.63,Yes
CUST00170,Male,0,68,No,Fiber optic,69.72,5361.88,No
CUST00171,Male,0,7,Yes,Fiber optic,94.98,627.25,Yes
CUST00172,Male,1,28,No,DSL,82.52,2521.06,No
CUST00173,Female,0,44,Yes,DSL,50.5,2561.26,No
CUST00174,Female,0,9,No,DSL,66.05,635.97,No
CUST00175,Male,0,71,Yes,Fiber optic,36.08,2131.64,No
CUST00176,Male,0,64,Yes,No,63.25,4440.12,No
CUST00177,Female,1,8,No,Fiber optic,66.83,557.65,Yes
CUST00178,Female,0,62,No,DSL,46.77,,No
CUST00179,Male,0,1,Yes,No,87.02,91.15,No
CUST00180,Female,0,2,Yes,Fiber optic,86.32,181.55,Yes
CUST00181,Male,0,56,No,Fiber optic,74.88,4470.26,No
CUST00182,Male,0,65,No,DSL,86.07,5767.61,No
CUST00183,Male,0,22,No,DSL,64.72,,No
CUST00184,Male,0,45,No,Fiber optic,90.61,4441.69,No
CUST00185,Male,1,3,No,DSL,100.89,292.38,Yes
CUST00186,Female,0,41,Yes,Fiber optic,64.94,2574.7,Yes
CUST00187,Female,1,34,No,Fiber optic,51.08,1710.33,No
CUST00188,Female,0,28,No,Fiber optic,57.67,1714.8,No
CUST00189,Male,0,18,No,No,94.16,1629.82,No
CUST00190,Male,1,5,Yes,DSL,76.2,411.64,No
CUST00191,Male,0,47,Yes,DSL,68.63,2930.86,No
CUST00192,Female,0,41,Yes,DSL,68.2,3168.97,No
CUST00193,Male,0,11,No,Fiber optic,64.15,602.12,No
CUST00194,Male,1,21,No,DSL,82.28,1755.34,No
CUST00195,Female,0,25,No,DSL,96.76,,No
CUST00196,Male,0,54,Yes,DSL,93.9,5111.38,No
CUST00197,Male,0,22,Yes,Fiber optic,62.88,1331.76,No
CUST00198,Male,0,5,Yes,DSL,107.69,551.88,Yes
CUST00199,Male,1,21,Yes,DSL,65.78,1200.73,Yes
CUST00200,Female,0,45,No,DSL,26.8,771.51,No
CUST00201,Male,0,4,No,No,64.86,271.34,No
CUST00202,Male,0,11,No,DSL,61.26,649.61,No
CUST00203,Female,0,36,No,Fiber optic,26.91,1044.4,No
CUST00204,Female,0,55,Yes,No,88.58,4567.28,No
CUST00205,Female,0,7,Yes,Fiber optic,108.69,804.63,Yes
CUST00206,Male,0,0,Yes,No,92.61,,No
CUST00207,Male,0,58,No,No,87.86,4869.39,No
CUST00208,Male,1,4,No,DSL,96.55,352.91,Yes
CUST00209,Male,0,11,Yes,No,109.2,1219.5,No
CUST00210,Female,1,60,Yes,No,30.42,1310.89,No
CUST00211,Male,0,0,No,No,106.24,,No
CUST00212,Female,0,29,Yes,No,34.5,766.11,No
CUST00213,Female,0,16,No,DSL,25.45,,No
CUST00214,Male,1,64,No,No,56.66,3657.7,No
CUST00215,Female,0,41,Yes,No,97.27,4101.32,No
CUST00216,Female,0,35,Yes,DSL,51.78,1961.29,No
CUST00217,Male,0,17,Yes,Fiber optic,46.13,936.29,No
CUST00218,Female,1,48,No,DSL,97.21,5104.49,No
CUST00219,Female,0,41,No,DSL,40.38,1792.46,No
CUST00220,Female,1,8,No,No,86.01,645.59,No
CUST00221,Female,0,7,No,DSL,100.87,661.56,No
CUST00222,Female,0,38,Yes,DSL,34.67,1583.08,No
CUST00223,Female,0,3,No,Fiber optic,87.06,241.7,Yes
CUST00224,Male,0,39,No,DSL,27.24,1408.11,No
CUST00225,Male,1,6,Yes,DSL,77.17,470.25,No
CUST00226,Male,0,6,No,No,88.07,505.73,Yes
CUST00227,Female,0,4,Yes,DSL,87.16,357.64,Yes
CUST00228,Female,0,7,Yes,Fiber optic,99.2,742.38,No
CUST00229,Male,1,66,No,Fiber optic,28.37,2377.89,No
CUST00230,Female,0,13,No,Fiber optic,25.4,377.27,No
CUST00231,Male,0,20,No,Fiber optic,98.54,2106.75,No
CUST00232,Male,0,26,No,Fiber optic,27.68,891.86,Yes
CUST00233,Female,1,3,Yes,DSL,82.96,265.5,No
CUST00234,Female,0,30,Yes,DSL,55.09,1489.96,No
CUST00235,Female,0,23,No,Fiber optic,87.12,2113.77,No
CUST00236,Female,1,9,Yes,DSL,70.75,587.06,Yes
CUST00237,Female,0,4,Yes,Fiber optic,77.22,279.21,No
CUST00238,Male,0,0,Yes,DSL,105.73,,Yes
CUST00239,Female,0,51,Yes,Fiber optic,31.31,1415.24,Yes
CUST00240,Male,0,50,No,Fiber optic,24.2,1709.24,No
CUST00241,Female,0,70,Yes,DSL,93.79,6078.3,No
CUST00242,Male,1,19,No,No,84.09,1574.03,No
CUST00243,Female,0,72,No,No,30.25,1942.63,No
CUST00244,Male,0,7,No,DSL,69.4,451.24,No
CUST00245,Male,0,3,Yes,DSL,107.29,321.08,Yes
CUST00246,Male,0,8,No,DSL,81.49,680.16,Yes
CUST00247,Female,0,27,Yes,Fiber optic,69.21,1788.51,Yes
CUST00248,Female,0,43,Yes,DSL,26.0,,No
CUST00249,Female,1,4,No,Fiber optic,65.42,248.72,No
CUST00250,Male,0,71,Yes,DSL,60.19,4513.09,No
CUST00251,Female,0,43,No,DSL,21.37,988.45,No
CUST00252,Male,0,56,Yes,Fiber optic,50.43,3327.84,No
CUST00253,Male,0,24,Yes,DSL,88.29,2201.12,No
CUST00254,Female,0,8,No,DSL,76.21,570.63,Yes
CUST00255,Female,0,39,No,Fiber optic,49.53,1949.38,No
CUST00256,Male,0,65,Yes,DSL,75.76,4546.08,No
CUST00257,Female,0,49,No,DSL,23.99,951.28,No
CUST00258,Female,0,66,Yes,No,29.69,1631.78,No
CUST00259,Female,0,62,No,No,30.32,2020.17,No
CUST00260,Male,0,65,Yes,No,51.07,3553.28,No
CUST00261,Female,1,41,Yes,Fiber optic,23.08,,Yes
CUST00262,Male,0,44,Yes,DSL,55.66,2831.75,No
CUST00263,Male,0,66,No,DSL,46.54,2565.61,No
CUST00264,Male,0,4,Yes,DSL,92.82,371.93,No
CUST00265,Male,0,39,No,Fiber optic,33.15,1326.62,No
CUST00266,Male,0,10,No,Fiber optic,87.67,821.94,No
CUST00267,Female,0,37,Yes,No,78.35,2605.77,No
CUST00268,Female,1,49,Yes,Fiber optic,75.6,3375.36,Yes
CUST00269,Female,1,16,No,Fiber optic,33.6,,Yes
CUST00270,Female,0,10,Yes,Fiber optic,83.31,856.16,Yes
CUST00271,Female,0,38,No,DSL,37.43,1182.05,No
CUST00272,Female,0,12,Yes,DSL,95.95,1233.79,No
CUST00273,Female,1,15,Yes,No,25.55,307.74,No
CUST00274,Female,0,40,Yes,No,85.09,,No
CUST00275,Female,0,3,Yes,DSL,83.2,262.95,Yes
CUST00276,Female,0,67,Yes,DSL,26.13,1589.68,No
CUST00277,Female,1,10,No,DSL,108.1,1114.64,No
CUST00278,Female,1,23,Yes,Fiber optic,54.41,1100.28,No
CUST00279,Female,0,5,Yes,DSL,108.36,548.0,Yes
CUST00280,Male,1,25,Yes,No,81.68,2229.58,No
CUST00281,Female,0,44,No,Fiber optic,47.05,1826.36,No
CUST00282,Female,0,4,Yes,DSL,97.43,,No
CUST00283,Female,0,12,No,Fiber optic,30.61,249.28,Yes
CUST00284,Male,0,55,Yes,DSL,79.5,3909.83,No
CUST00285,Female,0,0,No,Fiber optic,103.34,,No
CUST00286,Male,0,17,Yes,Fiber optic,26.93,458.41,Yes
CUST00287,Female,0,4,No,DSL,69.44,280.56,No
CUST00288,Female,1,5,Yes,Fiber optic,107.71,,Yes
CUST00289,Male,0,5,No,DSL,93.65,459.86,No
CUST00290,Female,0,3,Yes,No,68.66,228.34,No
CUST00291,Male,1,26,Yes,DSL,41.91,1062.64,No
CUST00292,Male,0,2,Yes,DSL,92.09,190.9,Yes
CUST00293,Female,0,31,No,DSL,43.86,1264.56,No
CUST00294,Female,0,6,Yes,No,92.03,511.27,Yes
CUST00295,Female,1,54,Yes,Fiber optic,25.73,1779.37,No
CUST00296,Male,0,16,Yes,Fiber optic,55.08,761.41,No
CUST00297,Female,0,15,Yes,Fiber optic,22.78,411.56,No
CUST00298,Female,0,3,Yes,DSL,69.21,188.78,No
CUST00299,Female,1,53,Yes,DSL,88.52,4586.67,No
CUST00300,Male,1,7,No,DSL,63.93,513.04,No
CUST00301,Female,0,0,No,Fiber optic,63.05,,No
CUST00302,Male,0,11,No,No,92.43,1117.31,Yes
CUST00303,Male,1,63,No,Fiber optic,33.12,1750.77,Yes
CUST00304,Female,0,61,No,Fiber optic,82.74,5164.4,Yes
CUST00305,Female,1,36,No,No,22.99,794.25,No
CUST00306,Female,0,7,No,Fiber optic,71.58,471.44,Yes
CUST00307,Female,0,46,Yes,DSL,55.64,2612.07,No
CUST00308,Male,1,3,No,DSL,85.26,228.74,No
CUST00309,Female,0,11,No,DSL,82.32,905.57,Yes
CUST00310,Male,0,25,No,Fiber optic,70.55,1791.86,No
CUST00311,Female,0,5,No,DSL,105.47,522.9,Yes
CUST00312,Female,0,52,No,No,96.6,4578.47,No
CUST00313,Female,0,18,No,DSL,92.39,1655.91,No
CUST00314,Male,0,3,Yes,DSL,87.34,252.59,Yes
CUST00315,Male,1,24,Yes,Fiber optic,63.33,1647.93,Yes
CUST00316,Male,0,12,Yes,DSL,33.16,424.81,No
CUST00317,Male,1,9,No,No,101.79,884.45,Yes
CUST00318,Female,1,1,No,DSL,97.83,101.81,Yes
CUST00319,Female,0,63,Yes,Fiber optic,32.47,1452.47,No
CUST00320,Female,0,68,Yes,Fiber optic,31.35,2025.18,No
CUST00321,Female,0,31,Yes,Fiber optic,59.0,1658.55,No
CUST00322,Male,0,1,No,Fiber optic,106.92,99.83,No
CUST00323,Female,0,11,Yes,Fiber optic,109.0,,No
CUST00324,Male,0,7,No,Fiber optic,60.48,413.21,No
CUST00325,Male,0,11,No,No,85.82,875.9,Yes
CUST00326,Male,0,8,No,DSL,63.04,487.84,No
CUST00327,Female,0,31,Yes,DSL,91.35,3138.07,No
CUST00328,Male,0,27,No,Fiber optic,84.58,2093.51,Yes
CUST00329,Female,0,67,Yes,DSL,20.07,2004.7,No
CUST00330,Male,0,25,No,No,76.02,1993.37,No
CUST00331,Female,1,62,No,DSL,80.78,5489.21,No
CUST00332,Male,0,24,Yes,DSL,81.92,,No
CUST00333,Female,0,16,Yes,DSL,30.57,625.86,No
CUST00334,Male,0,47,No,DSL,58.95,2779.66,No
CUST00335,Female,0,36,No,Fiber optic,72.51,2446.51,No
CUST00336,Male,0,48,Yes,No,72.89,3428.82,No
CUST00337,Female,0,62,Yes,DSL,86.79,5165.49,No
CUST00338,Female,0,26,Yes,DSL,28.92,610.2,No
CUST00339,Female,1,58,Yes,DSL,38.96,1950.42,No
CUST00340,Male,0,47,No,No,90.95,4091.35,No
CUST00341,Female,1,36,Yes,DSL,93.27,3575.51,No
CUST00342,Female,0,8,No,DSL,69.18,612.85,No
CUST00343,Female,0,23,Yes,Fiber optic,69.05,,No
CUST00344,Female,1,41,Yes,DSL,36.96,1543.0,Yes
CUST00345,Male,0,32,Yes,Fiber optic,38.43,1202.41,No
CUST00346,Male,1,6,Yes,DSL,67.41,461.12,No
CUST00347,Female,0,8,Yes,Fiber optic,63.5,458.07,Yes
CUST00348,Male,0,1,Yes,Fiber optic,72.54,75.07,No
CUST00349,Female,1,3,No,No,87.78,250.26,Yes
CUST00350,Female,0,11,No,Fiber optic,66.44,659.39,No
CUST00351,Female,0,45,No,Fiber optic,56.1,2623.56,Yes
CUST00352,Female,0,44,Yes,Fiber optic,87.17,3505.87,Yes
CUST00353,Female,0,70,Yes,No,81.03,5353.11,No
CUST00354,Male,0,64,No,Fiber optic,85.99,5118.87,No
CUST00355,Male,0,3,Yes,No,91.48,300.1,Yes
CUST00356,Female,0,11,Yes,Fiber optic,84.14,940.89,No
CUST00357,Female,0,72,Yes,DSL,22.56,1847.26,No
CUST00358,Male,1,46,No,DSL,88.23,3989.6,No
CUST00359,Female,0,39,Yes,No,98.06,3471.49,No
CUST00360,Female,0,5,Yes,Fiber optic,89.38,455.35,No
CUST00361,Male,0,10,No,DSL,102.82,1096.19,No
CUST00362,Male,0,59,Yes,DSL,65.98,3465.68,No
CUST00363,Female,0,48,Yes,DSL,93.2,4349.66,No
CUST00364,Female,0,39,Yes,No,96.01,3358.47,No
CUST00365,Male,0,0,Yes,Fiber optic,67.35,,Yes
CUST00366,Male,0,7,No,Fiber optic,83.49,593.29,Yes
CUST00367,Male,0,23,Yes,No,77.77,1721.04,No
CUST00368,Male,0,56,Yes,Fiber optic,24.81,,No
CUST00369,Female,0,43,Yes,DSL,23.69,683.44,No
CUST00370,Male,0,52,Yes,Fiber optic,83.28,4506.94,No
CUST00371,Female,1,33,Yes,Fiber optic,53.02,1816.79,Yes
CUST00372,Female,0,17,No,DSL,76.06,1416.17,No
CUST00373,Female,0,13,No,Fiber optic,65.19,,No
CUST00374,Male,0,8,Yes,No,91.58,809.53,Yes
CUST00375,Female,0,3,Yes,Fiber optic,105.09,300.07,Yes
CUST00376,Male,0,61,No,No,87.62,5439.73,No
CUST00377,Male,0,29,Yes,Fiber optic,49.84,1360.82,Yes
CUST00378,Male,0,11,Yes,Fiber optic,83.77,921.1,No
CUST00379,Male,0,22,No,No,31.5,719.34,No
CUST00380,Female,1,62,No,No,20.69,1090.81,Yes
CUST00381,Male,0,8,Yes,DSL,67.53,618.57,No
CUST00382,Male,0,6,No,Fiber optic,86.47,515.38,Yes
CUST00383,Male,0,70,No,No,56.89,4407.45,No
CUST00384,Male,0,3,No,DSL,100.99,327.46,No
CUST00385,Female,0,38,No,Fiber optic,58.6,2204.22,Yes
CUST00386,Female,0,40,Yes,DSL,72.45,3170.23,No
CUST00387,Male,1,45,No,Fiber optic,77.21,3918.13,Yes
CUST00388,Male,0,52,No,Fiber optic,38.75,1595.9,Yes
CUST00389,Female,0,2,No,Fiber optic,105.43,211.11,Yes
CUST00390,Female,0,11,Yes,DSL,103.73,1067.45,Yes
CUST00391,Male,0,61,Yes,Fiber optic,91.79,5517.82,No
CUST00392,Female,0,10,No,DSL,89.16,920.58,Yes
CUST00393,Female,0,9,Yes,Fiber optic,77.99,728.67,No
CUST00394,Male,0,68,No,Fiber optic,53.61,3931.1,Yes
CUST00395,Female,0,0,No,No,86.1,,Yes
CUST00396,Male,1,27,Yes,DSL,33.51,1154.43,No
CUST00397,Male,0,0,Yes,No,65.11,,No
CUST00398,Female,0,6,No,DSL,61.55,378.26,No
CUST00399,Female,0,65,No,DSL,64.64,4535.25,No
CUST00400,Male,0,49,No,Fiber optic,88.46,,No
CUST00401,Male,0,21,No,DSL,72.49,1328.16,No
CUST00402,Male,1,11,Yes,Fiber optic,109.93,1151.11,No
CUST00403,Female,0,5,Yes,Fiber optic,81.27,417.98,Yes
CUST00404,Male,0,18,No,DSL,85.15,1412.15,No
CUST00405,Female,0,7,Yes,No,79.85,552.68,No
CUST00406,Female,0,18,No,No,96.78,1814.2,No
CUST00407,Female,0,10,Yes,Fiber optic,80.16,886.81,Yes
CUST00408,Male,0,17,Yes,No,79.09,1490.98,No
CUST00409,Female,0,10,No,DSL,99.71,978.49,Yes
CUST00410,Female,0,8,Yes,DSL,76.24,659.42,Yes
CUST00411,Male,0,43,Yes,DSL,81.99,3369.08,No
CUST00412,Male,0,51,No,Fiber optic,46.64,2602.0,No
CUST00413,Female,0,0,Yes,Fiber optic,72.12,,Yes
CUST00414,Female,0,40,No,Fiber optic,54.8,1892.22,No
CUST00415,Female,0,31,Yes,DSL,25.2,739.67,No
CUST00416,Female,1,58,Yes,DSL,83.53,4291.14,No
CUST00417,Female,0,13,No,Fiber optic,31.6,300.8,No
CUST00418,Male,1,10,Yes,No,92.69,869.1,Yes
CUST00419,Male,0,2,No,Fiber optic,90.82,165.2,Yes
CUST00420,Male,0,53,No,Fiber optic,22.4,742.12,No
CUST00421,Female,0,36,Yes,Fiber optic,70.38,2358.83,Yes
CUST00422,Female,0,70,Yes,DSL,66.35,5227.37,No
CUST00423,Female,0,24,Yes,Fiber optic,64.9,,Yes
CUST00424,Female,0,4,No,No,80.21,337.62,No
CUST00425,Female,0,12,Yes,Fiber optic,90.13,1060.02,Yes
CUST00426,Female,0,46,Yes,No,46.76,1955.77,No
CUST00427,Female,0,7,Yes,DSL,79.88,,No
CUST00428,Male,0,49,No,No,83.92,4548.57,No
CUST00429,Male,0,53,No,DSL,44.19,1828.89,No
CUST00430,Female,0,69,Yes,Fiber optic,59.6,3864.31,No
CUST00431,Male,0,11,Yes,DSL,95.13,1135.34,No
CUST00432,Male,0,6,No,DSL,88.62,565.18,Yes
CUST00433,Male,1,19,Yes,No,48.56,741.32,No
CUST00434,Female,0,2,Yes,No,62.7,114.76,No
CUST00435,Male,0,39,Yes,Fiber optic,82.85,3346.87,No
CUST00436,Female,1,66,No,DSL,43.49,2940.6,Yes
CUST00437,Female,0,44,Yes,No,36.0,1609.7,No
CUST00438,Male,0,5,Yes,No,91.91,452.37,Yes
CUST00439,Female,0,22,No,Fiber optic,82.9,1830.81,No
CUST00440,Female,0,6,No,No,88.38,519.42,Yes
CUST00441,Male,1,62,No,Fiber optic,87.14,5907.87,No
CUST00442,Male,0,7,No,DSL,77.1,521.6,Yes
CUST00443,Female,0,26,Yes,No,88.35,2428.32,No
CUST00444,Male,1,2,No,DSL,82.26,176.75,Yes
CUST00445,Male,0,63,No,DSL,76.61,5189.46,No
CUST00446,Male,0,24,Yes,DSL,36.7,829.29,No
CUST00447,Female,0,8,Yes,DSL,77.02,676.84,Yes
CUST00448,Male,0,39,No,Fiber optic,55.56,2429.39,No
CUST00449,Female,0,28,No,No,88.05,2515.46,No
CUST00450,Female,1,2,No,DSL,99.92,196.84,Yes
CUST00451,Male,0,23,No,Fiber optic,34.91,1003.73,No
CUST00452,Female,0,39,Yes,Fiber optic,37.67,1821.04,No
CUST00453,Female,0,28,No,DSL,67.01,2009.17,No
CUST00454,Female,0,49,No,DSL,39.33,1466.54,No
CUST00455,Male,0,22,Yes,DSL,90.49,1926.98,No
CUST00456,Male,0,51,Yes,DSL,30.63,1304.53,No
CUST00457,Female,1,43,Yes,No,40.39,1346.32,No
CUST00458,Male,0,43,No,DSL,76.94,3565.6,No
CUST00459,Male,1,29,Yes,Fiber optic,66.59,1673.2,No
CUST00460,Male,0,1,No,Fiber optic,60.24,57.42,No
CUST00461,Male,1,58,No,DSL,81.51,4602.1,Yes
CUST00462,Female,0,11,Yes,DSL,108.43,1153.17,Yes
CUST00463,Female,0,0,Yes,DSL,98.58,,Yes
CUST00464,Male,0,2,No,DSL,81.4,163.58,Yes
CUST00465,Female,0,61,No,Fiber optic,95.12,5631.94,No
CUST00466,Female,0,29,Yes,Fiber optic,54.46,1836.82,No
CUST00467,Male,0,19,Yes,Fiber optic,38.49,744.84,No
CUST00468,Male,0,11,Yes,Fiber optic,98.32,1055.99,No
CUST00469,Male,0,16,No,DSL,69.22,1053.2,No
CUST00470,Female,1,16,No,DSL,90.01,1338.05,No
CUST00471,Male,0,3,No,Fiber optic,67.41,214.03,No
CUST00472,Female,0,58,No,DSL,98.91,5919.25,No
CUST00473,Male,0,45,No,DSL,73.57,,No
CUST00474,Female,0,58,Yes,Fiber optic,86.77,,Yes
CUST00475,Male,0,62,No,Fiber optic,75.38,5031.51,No
CUST00476,Male,0,51,No,DSL,93.35,4825.81,No
CUST00477,Female,1,43,Yes,DSL,39.07,2034.37,No
CUST00478,Male,1,25,Yes,Fiber optic,42.64,1236.38,Yes
CUST00479,Male,1,8,No,Fiber optic,72.74,514.94,Yes
CUST00480,Male,0,17,Yes,No,45.12,640.0,No
CUST00481,Male,0,8,No,DSL,101.02,826.31,Yes
CUST00482,Male,0,54,No,No,51.26,2924.91,No
CUST00483,Male,0,7,No,DSL,89.83,685.65,No
CUST00484,Female,0,0,Yes,Fiber optic,105.32,,No
CUST00485,Female,0,7,No,Fiber optic,99.44,675.66,Yes
CUST00486,Male,1,32,Yes,No,53.7,1549.96,No
CUST00487,Male,0,32,No,DSL,74.24,,No
CUST00488,Female,0,11,Yes,DSL,83.74,884.54,No
CUST00489,Male,0,71,Yes,DSL,47.34,3996.55,No
CUST00490,Male,0,37,Yes,Fiber optic,37.37,1435.12,No
CUST00491,Female,1,41,Yes,Fiber optic,42.51,1620.66,Yes
CUST00492,Male,0,3,Yes,Fiber optic,89.66,261.8,Yes
CUST00493,Female,0,38,No,DSL,95.38,3325.01,No
CUST00494,Female,0,61,Yes,DSL,91.16,5192.94,No
CUST00495,Male,0,5,Yes,No,67.6,326.28,No
CUST00496,Female,0,1,Yes,DSL,79.43,80.66,Yes
CUST00497,Male,1,38,No,Fiber optic,75.76,2706.58,Yes
CUST00498,Male,0,6,Yes,Fiber optic,108.08,638.1,Yes
CUST00499,Female,0,10,No,Fiber optic,64.44,660.4,No
CUST00500,Female,0,7,No,Fiber optic,94.0,708.02,Yes
CUST00501,Female,0,3,No,Fiber optic,98.9,,Yes
CUST00502,Male,0,1,No,No,71.4,73.69,Yes
CUST00503,Female,0,63,No,DSL,87.44,5638.61,No
CUST00504,Female,0,38,Yes,No,62.9,2525.32,No
CUST00505,Female,0,42,Yes,Fiber optic,32.23,937.71,Yes
CUST00506,Female,0,17,Yes,Fiber optic,37.58,675.07,No
CUST00507,Male,0,10,Yes,DSL,93.25,870.9,No
CUST00508,Female,1,58,Yes,Fiber optic,45.37,2290.96,Yes
CUST00509,Female,1,10,No,DSL,87.52,909.81,No
CUST00510,Male,0,60,No,Fiber optic,77.52,4944.17,No
CUST00511,Male,0,10,Yes,DSL,93.08,918.35,Yes
CUST00512,Male,0,34,No,Fiber optic,60.19,2236.6,Yes
CUST00513,Male,0,24,Yes,No,64.76,1385.57,No
CUST00514,Female,1,26,Yes,DSL,75.94,2113.19,No
CUST00515,Female,1,72,No,DSL,66.45,4761.61,No
CUST00516,Female,0,12,Yes,No,61.84,815.8,No
CUST00517,Male,1,35,Yes,DSL,56.14,2174.75,No
CUST00518,Male,1,12,Yes,DSL,21.62,211.2,No
CUST00519,Male,0,6,Yes,Fiber optic,66.83,409.12,No
CUST00520,Male,0,28,No,DSL,33.31,764.95,No
CUST00521,Female,0,24,No,DSL,31.68,781.56,No
CUST00522,Female,0,12,Yes,DSL,51.13,707.45,No
CUST00523,Female,0,41,No,Fiber optic,86.91,3483.07,No
CUST00524,Female,1,44,No,Fiber optic,98.33,4626.82,No
CUST00525,Male,0,7,No,DSL,71.62,431.35,No
CUST00526,Male,0,38,Yes,Fiber optic,82.71,3347.12,No
CUST00527,Female,1,46,No,Fiber optic,43.14,1672.19,Yes
CUST00528,Male,1,23,Yes,Fiber optic,74.27,1859.02,Yes
CUST00529,Female,0,31,No,Fiber optic,63.17,1768.94,No
CUST00530,Female,0,0,Yes,No,95.65,,No
CUST00531,Female,0,33,Yes,No,72.9,2616.81,No
CUST00532,Female,0,24,Yes,Fiber optic,67.81,1692.98,No
CUST00533,Female,0,24,No,DSL,80.04,2149.55,No
CUST00534,Male,0,2,Yes,No,74.9,133.93,Yes
CUST00535,Male,0,64,No,Fiber optic,56.51,3814.29,Yes
CUST00536,Male,0,50,Yes,DSL,51.79,2946.37,No
CUST00537,Male,0,33,No,DSL,84.45,2918.86,No
CUST00538,Male,1,44,Yes,DSL,74.9,3635.12,No
CUST00539,Male,1,33,No,Fiber optic,72.17,2338.92,No
CUST00540,Male,0,8,Yes,DSL,81.68,626.13,No
CUST00541,Male,0,48,No,DSL,66.51,3135.98,No
CUST00542,Female,0,51,Yes,DSL,45.89,2463.09,No
CUST00543,Female,0,68,No,No,91.24,6361.44,No
CUST00544,Male,0,11,Yes,DSL,63.68,618.13,No
CUST00545,Female,1,5,Yes,DSL,94.63,471.27,No
CUST00546,Female,0,5,No,DSL,88.2,446.53,Yes
CUST00547,Female,1,3,Yes,No,108.66,324.51,Yes
CUST00548,Female,0,59,Yes,No,41.97,2694.43,No
CUST00549,Male,0,30,Yes,No,81.1,2147.23,No
CUST00550,Male,0,10,Yes,DSL,108.65,1184.77,Yes
CUST00551,Male,1,5,No,Fiber optic,66.48,343.49,No
CUST00552,Male,1,1,Yes,DSL,67.43,66.03,No
CUST00553,Female,0,0,Yes,DSL,101.0,,No
CUST00554,Female,0,13,No,No,97.16,1345.97,No
CUST00555,Male,0,8,No,Fiber optic,71.63,598.67,Yes
CUST00556,Female,0,10,No,No,91.44,841.86,No
CUST00557,Male,0,32,No,DSL,94.59,,No
CUST00558,Female,0,1,No,DSL,103.62,95.64,Yes
CUST00559,Male,0,5,No,Fiber optic,89.79,462.43,No
CUST00560,Male,0,37,No,No,27.89,1034.17,No
CUST00561,Female,0,61,No,DSL,90.56,5983.6,No
CUST00562,Female,0,19,Yes,Fiber optic,93.33,1902.52,No
CUST00563,Male,0,37,Yes,No,73.08,2645.03,No
CUST00564,Male,0,42,Yes,Fiber optic,88.53,3682.23,No
CUST00565,Female,1,62,No,DSL,20.41,901.61,No
CUST00566,Male,0,20,No,DSL,24.75,421.37,No
CUST00567,Male,0,37,Yes,Fiber optic,57.32,1806.43,Yes
CUST00568,Female,0,14,No,DSL,70.69,976.25,No
CUST00569,Male,0,36,No,Fiber optic,64.55,2047.2,No
CUST00570,Male,0,32,No,DSL,53.22,1622.03,No
CUST00571,Male,1,32,Yes,DSL,94.14,3176.44,Yes
CUST00572,Male,0,45,Yes,Fiber optic,89.08,4267.9,No
CUST00573,Male,0,42,Yes,Fiber optic,85.06,3607.67,No
CUST00574,Male,1,26,No,Fiber optic,66.51,1899.33,No
CUST00575,Male,0,70,Yes,Fiber optic,99.23,6269.03,Yes
CUST00576,Male,0,64,Yes,DSL,67.13,4652.55,No
CUST00577,Male,0,18,No,DSL,95.82,1838.29,No
CUST00578,Male,0,56,Yes,Fiber optic,79.88,4890.13,No
CUST00579,Female,0,8,No,Fiber optic,75.18,605.31,Yes
CUST00580,Male,0,22,No,Fiber optic,34.45,675.41,Yes
CUST00581,Male,0,1,Yes,DSL,90.87,82.14,Yes
CUST00582,Male,0,60,No,DSL,73.45,4560.7,No
CUST00583,Male,0,12,No,DSL,25.42,387.16,No
CUST00584,Female,0,72,No,Fiber optic,22.81,1618.32,Yes
CUST00585,Male,0,59,No,DSL,22.23,1456.96,No
CUST00586,Female,0,65,Yes,DSL,28.0,2079.67,No
CUST00587,Male,0,44,No,Fiber optic,80.08,3890.74,No
CUST00588,Male,0,71,Yes,Fiber optic,59.34,4350.93,No
CUST00589,Male,0,21,Yes,No,25.19,380.46,No
CUST00590,Male,0,32,Yes,DSL,89.14,2735.87,No
CUST00591,Male,0,37,No,No,78.69,3148.66,No
CUST00592,Female,0,0,Yes,Fiber optic,89.81,,Yes
CUST00593,Female,0,0,No,DSL,105.62,,Yes
CUST00594,Male,1,17,No,Fiber optic,30.57,581.88,No
CUST00595,Female,0,66,Yes,DSL,24.82,1142.13,No
CUST00596,Male,0,7,Yes,DSL,74.64,456.63,Yes
CUST00597,Female,0,8,No,DSL,87.88,736.15,No
CUST00598,Female,1,34,Yes,Fiber optic,97.0,3084.17,Yes
CUST00599,Female,0,0,Yes,Fiber optic,85.5,,Yes
CUST00600,Female,0,69,Yes,DSL,27.97,1570.05,No
CUST00601,Male,0,34,No,DSL,81.41,3084.03,No
CUST00602,Male,1,2,Yes,No,67.64,119.96,No
CUST00603,Female,0,10,Yes,No,108.62,1062.19,Yes
CUST00604,Male,0,31,No,DSL,41.88,1458.99,No
CUST00605,Female,0,3,Yes,No,85.57,255.14,No
CUST00606,Female,0,10,Yes,Fiber optic,83.12,757.97,Yes
CUST00607,Female,0,62,No,Fiber optic,78.04,4893.46,No
CUST00608,Male,0,67,Yes,Fiber optic,98.83,,Yes
CUST00609,Female,0,7,No,DSL,62.41,367.96,No
CUST00610,Female,0,19,No,No,73.32,1450.49,No
CUST00611,Male,0,55,No,Fiber optic,76.69,4487.88,No
CUST00612,Male,0,20,No,DSL,81.82,1684.56,No
CUST00613,Female,1,9,No,Fiber optic,65.2,573.91,Yes
CUST00614,Male,0,22,Yes,Fiber optic,77.48,1921.25,No
CUST00615,Male,0,28,Yes,No,52.31,1520.53,No
CUST00616,Female,0,46,Yes,Fiber optic,94.37,4148.42,Yes
CUST00617,Male,0,32,No,Fiber optic,29.26,1013.6,Yes
CUST00618,Female,0,54,No,Fiber optic,70.16,3662.68,No
CUST00619,Female,0,68,Yes,DSL,73.44,5206.04,No
CUST00620,Male,1,53,Yes,No,60.65,3541.07,No
CUST00621,Male,0,5,Yes,DSL,105.7,534.87,Yes
CUST00622,Female,0,17,No,DSL,69.99,1136.19,No
CUST00623,Female,0,41,No,No,99.94,3761.94,No
CUST00624,Male,0,8,No,DSL,86.47,680.58,No
CUST00625,Male,1,26,No,Fiber optic,20.73,413.09,Yes
CUST00626,Female,0,41,Yes,Fiber optic,73.89,3230.23,No
CUST00627,Male,0,11,No,DSL,66.06,652.62,No
CUST00628,Female,0,1,Yes,Fiber optic,61.34,54.04,No
CUST00629,Male,0,15,No,No,53.25,769.73,No
CUST00630,Male,1,1,Yes,Fiber optic,91.58,94.16,Yes
CUST00631,Male,0,0,Yes,Fiber optic,63.98,,No
CUST00632,Female,0,47,No,Fiber optic,49.55,2005.85,No
CUST00633,Female,0,17,Yes,Fiber optic,89.26,1630.42,No
CUST00634,Female,0,28,No,Fiber optic,85.46,2663.48,No
CUST00635,Male,0,40,No,DSL,42.05,1960.77,No
CUST00636,Male,0,11,No,DSL,85.07,,No
CUST00637,Female,0,66,No,Fiber optic,68.12,5079.81,No
CUST00638,Male,0,3,Yes,No,85.66,228.09,No
CUST00639,Male,0,16,Yes,Fiber optic,98.12,1671.38,Yes
CUST00640,Male,0,38,Yes,DSL,31.6,1284.13,No
CUST00641,Male,0,29,No,No,22.56,835.42,No
CUST00642,Male,1,9,Yes,No,70.19,594.9,Yes
CUST00643,Female,1,4,No,Fiber optic,79.96,291.02,No
CUST00644,Female,0,8,Yes,No,102.8,869.72,No
CUST00645,Female,0,63,Yes,No,79.01,4713.6,No
CUST00646,Male,0,10,No,Fiber optic,96.1,870.37,Yes
CUST00647,Male,0,63,Yes,No,47.87,3137.85,No
CUST00648,Male,0,8,Yes,No,105.15,874.2,No
CUST00649,Female,0,36,Yes,Fiber optic,41.24,1493.78,No
CUST00650,Male,0,0,Yes,No,90.47,,No
CUST00651,Male,0,34,No,DSL,76.48,2939.38,No
CUST00652,Female,0,19,Yes,No,49.97,1107.0,No
CUST00653,Male,0,44,Yes,No,38.91,1589.41,No
CUST00654,Female,0,39,Yes,No,25.85,1310.96,No
CUST00655,Male,0,11,Yes,Fiber optic,92.39,1059.33,Yes
CUST00656,Male,0,2,Yes,DSL,100.22,203.4,Yes
CUST00657,Male,0,11,No,No,105.61,1187.1,Yes
CUST00658,Male,0,41,No,No,22.18,531.99,No
CUST00659,Female,1,70,Yes,No,27.11,1481.79,Yes
CUST00660,Female,0,9,No,Fiber optic,80.77,705.73,Yes
CUST00661,Female,0,5,No,Fiber optic,64.83,,No
CUST00662,Male,0,28,Yes,DSL,37.1,1205.12,No
CUST00663,Female,0,9,Yes,Fiber optic,105.38,967.82,Yes
CUST00664,Male,0,0,No,Fiber optic,84.82,,No
CUST00665,Male,0,42,No,Fiber optic,71.91,2988.38,No
CUST00666,Female,0,3,Yes,Fiber optic,100.94,328.82,No
CUST00667,Male,0,24,No,No,41.71,859.08,No
CUST00668,Female,0,5,No,DSL,60.04,265.28,No
CUST00669,Female,0,6,No,No,103.2,664.26,Yes
CUST00670,Female,0,0,Yes,Fiber optic,64.1,,No
CUST00671,Female,0,58,No,No,66.66,3945.7,No
CUST00672,Female,0,69,Yes,No,57.91,4613.29,No
CUST00673,Female,0,36,Yes,Fiber optic,99.35,3290.45,Yes
CUST00674,Male,0,2,No,DSL,102.69,210.54,No
CUST00675,Male,0,68,No,Fiber optic,57.73,4235.03,No
CUST00676,Male,1,52,Yes,No,29.25,1254.84,No
CUST00677,Male,0,9,Yes,No,71.34,558.76,No
CUST00678,Male,0,19,No,No,99.54,1775.72,No
CUST00679,Female,1,70,No,Fiber optic,88.51,6387.34,Yes
CUST00680,Female,0,51,No,Fiber optic,81.19,3772.81,No
CUST00681,Female,0,4,Yes,Fiber optic,98.03,354.38,No
CUST00682,Female,0,71,No,Fiber optic,65.74,4516.55,No
CUST00683,Male,1,1,No,Fiber optic,97.61,104.63,Yes
CUST00684,Female,1,5,Yes,Fiber optic,80.87,436.65,No
CUST00685,Male,0,0,Yes,DSL,74.43,,Yes
CUST00686,Female,1,55,Yes,Fiber optic,73.45,4432.61,No
CUST00687,Male,0,8,No,Fiber optic,84.88,680.62,Yes
CUST00688,Male,0,67,No,Fiber optic,78.73,5900.39,No
CUST00689,Male,0,6,Yes,DSL,109.75,672.79,Yes
CUST00690,Male,0,2,No,Fiber optic,74.63,,Yes
CUST00691,Female,0,3,No,Fiber optic,78.5,257.58,Yes
CUST00692,Male,1,53,No,DSL,67.41,4029.52,Yes
CUST00693,Female,0,51,No,DSL,60.16,3506.85,No
CUST00694,Male,0,54,Yes,Fiber optic,58.83,3668.14,Yes
CUST00695,Female,0,67,Yes,Fiber optic,74.13,4723.15,No
CUST00696,Male,1,66,Yes,Fiber optic,48.03,2750.3,Yes
CUST00697,Female,0,34,Yes,DSL,87.8,2655.23,No
CUST00698,Male,0,17,Yes,Fiber optic,65.62,1265.13,No
CUST00699,Male,1,9,Yes,Fiber optic,101.93,856.36,Yes
CUST00700,Male,0,0,Yes,No,72.37,,Yes
CUST00701,Male,0,2,No,No,107.62,218.11,Yes
CUST00702,Male,0,57,No,Fiber optic,38.26,1978.64,No
CUST00703,Female,1,5,Yes,Fiber optic,98.59,452.69,Yes
CUST00704,Male,0,57,No,DSL,72.0,4572.93,No
CUST00705,Male,0,1,Yes,DSL,69.25,73.68,No
CUST00706,Female,0,33,Yes,DSL,51.95,1394.55,No
CUST00707,Female,1,22,Yes,No,98.09,2057.46,No
CUST00708,Male,0,62,No,Fiber optic,75.93,4428.75,Yes
CUST00709,Male,0,0,Yes,Fiber optic,88.41,,Yes
CUST00710,Male,0,29,No,No,55.54,,No
CUST00711,Male,0,5,Yes,Fiber optic,69.93,343.11,Yes
CUST00712,Male,0,11,No,Fiber optic,73.53,752.86,No
CUST00713,Female,1,3,Yes,No,81.77,253.27,Yes
CUST00714,Female,0,6,Yes,Fiber optic,98.58,,No
CUST00715,Male,0,29,Yes,No,51.22,1385.67,No
CUST00716,Female,0,29,No,Fiber optic,75.72,2091.47,No
CUST00717,Female,0,11,Yes,No,105.64,1095.31,No
CUST00718,Female,0,0,Yes,Fiber optic,81.6,,No
CUST00719,Male,0,16,Yes,No,69.53,1082.09,No
CUST00720,Female,0,41,No,DSL,78.71,3150.5,No
CUST00721,Male,0,56,Yes,DSL,69.84,4468.11,No
CUST00722,Female,0,6,No,Fiber optic,103.27,594.4,No
CUST00723,Male,0,59,No,No,55.92,3606.38,No
CUST00724,Female,0,7,Yes,DSL,86.93,590.84,Yes
CUST00725,Male,0,7,Yes,DSL,109.06,708.68,No
CUST00726,Male,0,25,No,No,55.58,1193.03,No
CUST00727,Female,0,63,Yes,Fiber optic,40.64,2438.35,No
CUST00728,Female,0,32,Yes,Fiber optic,94.92,3019.22,Yes
CUST00729,Male,0,6,Yes,DSL,62.51,321.82,No
CUST00730,Male,1,18,Yes,Fiber optic,31.61,733.22,No
CUST00731,Female,1,30,Yes,Fiber optic,44.65,1374.17,No
CUST00732,Male,0,6,Yes,Fiber optic,89.6,585.39,No
CUST00733,Female,0,3,Yes,Fiber optic,81.7,261.09,No
CUST00734,Male,0,27,Yes,DSL,76.45,1962.9,No
CUST00735,Male,0,23,No,No,83.02,1851.47,No
CUST00736,Male,0,26,Yes,DSL,64.58,1708.41,No
CUST00737,Female,1,8,No,No,93.34,668.81,No
CUST00738,Male,1,5,Yes,Fiber optic,79.1,356.08,Yes
CUST00739,Female,0,56,Yes,Fiber optic,73.39,4211.07,No
CUST00740,Male,0,22,No,Fiber optic,23.38,692.47,No
CUST00741,Female,0,62,Yes,DSL,43.53,2137.11,No
CUST00742,Male,0,45,No,Fiber optic,48.32,1807.99,No
CUST00743,Male,1,15,No,Fiber optic,41.11,561.02,Yes
CUST00744,Male,0,55,Yes,No,26.9,1399.13,No
CUST00745,Female,0,66,Yes,DSL,98.71,6597.94,No
CUST00746,Male,0,5,Yes,DSL,108.7,496.1,Yes
CUST00747,Female,0,66,No,No,52.98,2988.84,No
CUST00748,Female,0,60,Yes,DSL,34.35,2339.82,No
CUST00749,Male,0,7,Yes,Fiber optic,85.13,554.37,Yes
CUST00750,Male,0,36,No,DSL,46.22,1767.07,No
CUST00751,Male,0,34,Yes,DSL,56.52,1648.85,No
CUST00752,Female,1,10,No,DSL,76.71,803.62,Yes
CUST00753,Male,0,56,No,Fiber optic,95.13,5564.04,Yes
CUST00754,Male,0,47,No,DSL,28.62,1602.61,No
CUST00755,Male,0,15,No,Fiber optic,36.66,521.58,Yes
CUST00756,Male,0,8,Yes,Fiber optic,70.27,633.46,No
CUST00757,Female,1,4,Yes,DSL,80.85,310.18,Yes
CUST00758,Male,0,60,No,Fiber optic,62.2,4202.7,No
CUST00759,Female,0,30,Yes,Fiber optic,94.23,2680.44,No
CUST00760,Female,0,14,No,Fiber optic,56.71,857.28,No
CUST00761,Male,1,40,Yes,DSL,85.81,3334.57,No
CUST00762,Female,1,10,Yes,DSL,89.38,854.55,Yes
CUST00763,Female,0,16,Yes,Fiber optic,53.29,768.2,No
CUST00764,Male,0,21,No,Fiber optic,58.6,1217.88,No
CUST00765,Female,0,52,Yes,DSL,35.97,2307.5,No
CUST00766,Male,0,0,No,Fiber optic,60.91,,Yes
CUST00767,Male,0,0,No,DSL,67.2,,No
CUST00768,Male,0,8,No,No,101.48,788.12,Yes
CUST00769,Female,0,11,Yes,Fiber optic,72.75,785.58,Yes
CUST00770,Male,0,19,No,DSL,49.58,771.12,No
CUST00771,Female,0,4,No,No,96.49,387.48,No
CUST00772,Female,0,29,Yes,DSL,78.84,2331.11,No
CUST00773,Female,0,33,Yes,DSL,82.43,2832.97,No
CUST00774,Male,0,68,No,No,41.4,,No
CUST00775,Female,0,45,No,Fiber optic,76.57,3558.9,No
CUST00776,Female,0,42,No,DSL,73.22,2694.23,No
CUST00777,Female,1,34,Yes,DSL,72.35,2284.46,No
CUST00778,Female,0,22,Yes,No,68.01,1669.08,No
CUST00779,Male,1,33,Yes,Fiber optic,34.03,1244.92,No
CUST00780,Female,0,0,Yes,DSL,76.75,,Yes
CUST00781,Male,1,27,No,DSL,28.46,659.45,No
CUST00782,Female,0,56,No,Fiber optic,78.41,3998.12,No
CUST00783,Male,0,2,Yes,Fiber optic,64.25,147.95,Yes
CUST00784,Female,0,1,Yes,DSL,96.43,104.73,No
CUST00785,Female,0,39,Yes,No,46.36,1802.95,No
CUST00786,Male,0,8,Yes,DSL,105.17,865.94,Yes
CUST00787,Male,0,10,Yes,Fiber optic,95.89,933.91,No
CUST00788,Female,1,53,Yes,DSL,39.11,2434.44,Yes
CUST00789,Male,0,46,No,DSL,68.7,3421.96,No
CUST00790,Male,0,24,Yes,Fiber optic,27.18,679.53,No
CUST00791,Male,1,54,Yes,No,33.23,2270.31,No
CUST00792,Male,0,61,Yes,Fiber optic,63.93,3893.78,Yes
CUST00793,Female,1,17,Yes,Fiber optic,23.73,250.04,No
CUST00794,Female,1,7,Yes,Fiber optic,74.19,492.82,No
CUST00795,Male,1,47,No,DSL,73.13,,No
CUST00796,Female,0,40,No,Fiber optic,26.54,702.16,No
CUST00797,Female,0,27,Yes,DSL,43.01,,No
CUST00798,Female,0,7,No,Fiber optic,96.81,724.07,No
CUST00799,Male,0,4,No,DSL,68.09,303.58,No
CUST00800,Female,0,56,No,Fiber optic,79.66,4715.66,No
CUST00801,Female,0,37,No,DSL,89.93,3457.53,No
CUST00802,Female,1,60,No,DSL,48.57,3261.87,No
CUST00803,Female,0,7,No,Fiber optic,86.49,646.47,Yes
CUST00804,Female,0,10,Yes,DSL,87.05,838.53,Yes
CUST00805,Female,0,60,Yes,Fiber optic,46.28,3219.07,No
CUST00806,Female,0,12,Yes,Fiber optic,80.95,1090.95,No
CUST00807,Male,0,2,Yes,No,61.91,135.84,No
CUST00808,Female,0,25,Yes,DSL,33.24,905.43,No
CUST00809,Female,0,37,No,DSL,55.97,2210.41,No
CUST00810,Male,0,21,No,Fiber optic,98.3,,No
CUST00811,Female,0,44,No,DSL,73.03,3237.55,No
CUST00812,Male,0,28,Yes,Fiber optic,67.97,1691.44,Yes
CUST00813,Male,0,0,No,No,104.6,,No
CUST00814,Male,0,56,No,DSL,23.0,1039.1,No
CUST00815,Male,0,22,No,DSL,42.35,811.97,No
CUST00816,Male,0,9,Yes,DSL,79.31,695.95,Yes
CUST00817,Male,0,56,No,Fiber optic,25.74,1989.11,No
CUST00818,Male,0,43,No,DSL,59.66,2187.84,No
CUST00819,Male,0,11,Yes,DSL,81.11,822.29,No
CUST00820,Male,1,12,Yes,Fiber optic,44.76,592.25,No
CUST00821,Male,0,27,No,DSL,61.18,1884.33,No
CUST00822,Male,0,6,Yes,DSL,88.38,508.88,No
CUST00823,Female,1,48,No,DSL,61.11,2685.65,Yes
CUST00824,Male,0,52,No,DSL,87.32,4229.15,No
CUST00825,Female,0,35,No,DSL,59.44,2075.91,No
CUST00826,Male,0,11,No,Fiber optic,87.35,986.24,No
CUST00827,Male,0,58,Yes,Fiber optic,43.24,2437.48,No
CUST00828,Female,0,10,No,Fiber optic,72.89,688.38,Yes
CUST00829,Female,0,70,Yes,Fiber optic,26.58,2272.67,Yes
CUST00830,Female,1,9,No,Fiber optic,88.47,852.13,Yes
CUST00831,Male,1,3,No,Fiber optic,74.66,226.76,No
CUST00832,Female,0,53,Yes,Fiber optic,69.0,3537.68,No
CUST00833,Female,1,29,Yes,DSL,92.82,2821.58,No
CUST00834,Female,0,1,No,No,84.05,78.03,No
CUST00835,Female,0,4,Yes,No,92.53,350.91,Yes
CUST00836,Female,1,24,No,No,43.78,,No
CUST00837,Male,1,12,No,Fiber optic,40.79,469.55,Yes
CUST00838,Female,0,6,Yes,No,76.66,,Yes
CUST00839,Male,0,6,Yes,DSL,89.97,531.46,No
CUST00840,Female,0,56,Yes,DSL,43.66,,No
CUST00841,Male,0,58,Yes,DSL,32.88,1592.43,No
CUST00842,Female,0,32,No,DSL,62.77,,No
CUST00843,Male,0,65,Yes,No,60.55,3315.67,No
CUST00844,Male,0,7,No,Fiber optic,92.29,692.52,No
CUST00845,Female,0,2,No,No,60.68,122.29,No
CUST00846,Male,1,2,Yes,No,109.18,218.7,Yes
CUST00847,Male,0,39,Yes,DSL,71.21,3085.76,No
CUST00848,Male,0,68,No,Fiber optic,74.17,4916.39,No
CUST00849,Male,0,62,No,DSL,30.17,1843.43,No
CUST00850,Female,0,1,Yes,DSL,63.01,67.05,No
CUST00851,Male,1,5,No,DSL,86.8,448.56,Yes
CUST00852,Male,0,5,Yes,Fiber optic,72.31,332.55,Yes
CUST00853,Female,0,3,No,Fiber optic,90.98,260.7,Yes
CUST00854,Female,1,5,No,DSL,70.87,317.23,Yes
CUST00855,Male,0,47,Yes,DSL,96.74,4354.83,No
CUST00856,Female,0,32,No,Fiber optic,30.98,1021.06,No
CUST00857,Male,0,41,No,No,58.07,2127.96,No
CUST00858,Female,0,2,Yes,DSL,65.34,134.42,No
CUST00859,Female,0,33,Yes,Fiber optic,96.8,3026.18,Yes
CUST00860,Male,0,8,Yes,Fiber optic,91.12,787.29,Yes
CUST00861,Male,0,10,No,Fiber optic,100.28,1028.57,Yes
CUST00862,Female,1,10,No,DSL,90.44,961.42,Yes
CUST00863,Female,0,9,No,DSL,73.22,611.15,Yes
CUST00864,Female,1,10,Yes,DSL,63.8,662.65,No
CUST00865,Male,0,47,No,Fiber optic,28.41,1184.81,Yes
CUST00866,Female,0,40,Yes,Fiber optic,39.34,1564.25,No
CUST00867,Female,1,9,Yes,DSL,73.85,,Yes
CUST00868,Male,0,7,No,Fiber optic,60.21,,No
CUST00869,Male,0,11,Yes,Fiber optic,85.41,977.45,No
CUST00870,Female,0,0,Yes,No,82.47,,No
CUST00871,Male,1,28,No,Fiber optic,43.37,1319.93,No
CUST00872,Female,0,0,No,DSL,83.1,,No
CUST00873,Male,0,3,No,Fiber optic,102.05,317.27,Yes
CUST00874,Female,0,6,Yes,No,102.92,656.13,Yes
CUST00875,Female,0,17,No,DSL,33.06,628.73,No
CUST00876,Male,0,57,Yes,Fiber optic,36.87,2315.81,No
CUST00877,Female,0,4,No,DSL,65.31,296.94,No
CUST00878,Male,0,21,No,Fiber optic,57.69,1410.2,Yes
CUST00879,Female,0,1,Yes,Fiber optic,72.28,68.15,Yes
CUST00880,Female,0,61,No,DSL,29.82,2201.77,No
CUST00881,Female,0,39,No,Fiber optic,85.38,3533.49,No
CUST00882,Female,0,3,No,No,89.87,247.71,Yes
CUST00883,Female,0,11,No,Fiber optic,73.22,869.33,No
CUST00884,Male,1,54,Yes,Fiber optic,74.94,4008.98,Yes
CUST00885,Male,0,1,Yes,Fiber optic,98.53,105.18,Yes
CUST00886,Male,0,0,No,Fiber optic,101.83,,Yes
CUST00887,Female,0,9,No,DSL,108.73,947.0,No
CUST00888,Male,0,63,No,Fiber optic,43.92,2674.4,No
CUST00889,Female,1,53,No,Fiber optic,24.54,822.57,No
CUST00890,Female,0,10,No,DSL,76.82,,No
CUST00891,Male,0,5,No,Fiber optic,89.85,423.47,Yes
CUST00892,Female,1,38,No,Fiber optic,72.35,2460.82,No
CUST00893,Female,0,62,No,No,59.21,4077.28,No
CUST00894,Female,1,11,No,Fiber optic,106.43,1133.15,Yes
CUST00895,Male,0,3,Yes,DSL,105.33,331.36,Yes
CUST00896,Male,0,70,No,Fiber optic,54.49,3483.25,Yes
CUST00897,Female,0,1,No,DSL,73.08,79.92,Yes
CUST00898,Female,0,54,No,No,83.99,4522.97,No
CUST00899,Male,0,49,Yes,No,85.17,4151.22,No
CUST00900,Male,0,47,Yes,Fiber optic,61.68,2621.11,No
CUST00901,Female,0,35,No,DSL,27.79,948.54,No
CUST00902,Female,1,12,No,Fiber optic,72.18,785.66,No
CUST00903,Male,0,53,No,Fiber optic,85.84,4912.78,Yes
CUST00904,Male,0,9,Yes,Fiber optic,64.03,553.35,No
CUST00905,Female,0,18,Yes,Fiber optic,78.97,1469.82,No
CUST00906,Female,0,9,No,Fiber optic,66.19,678.77,Yes
CUST00907,Male,0,3,No,DSL,109.46,355.92,Yes
CUST00908,Male,0,33,Yes,Fiber optic,22.51,749.28,Yes
CUST00909,Female,0,57,Yes,Fiber optic,34.11,1537.52,No
CUST00910,Female,0,18,No,No,58.34,1052.24,No
CUST00911,Female,0,12,Yes,DSL,29.81,244.67,No
CUST00912,Female,0,17,No,DSL,80.4,1207.16,No
CUST00913,Female,0,37,Yes,DSL,98.19,3282.01,No
CUST00914,Female,0,24,No,DSL,40.1,1101.04,No
CUST00915,Female,0,7,No,DSL,60.67,474.21,No
CUST00916,Female,0,15,No,No,40.25,729.66,No
CUST00917,Male,0,8,Yes,Fiber optic,77.14,567.5,No
CUST00918,Female,0,3,Yes,DSL,87.78,278.13,Yes
CUST00919,Female,0,33,No,No,56.15,1816.62,No
CUST00920,Female,0,4,Yes,DSL,107.67,459.31,Yes
CUST00921,Female,0,6,No,DSL,74.69,485.48,Yes
CUST00922,Male,0,10,Yes,Fiber optic,104.83,1075.57,No
CUST00923,Male,0,1,Yes,Fiber optic,106.79,,No
CUST00924,Female,0,6,Yes,DSL,78.28,430.14,Yes
CUST00925,Male,0,67,Yes,DSL,99.86,6570.41,No
CUST00926,Female,0,33,Yes,Fiber optic,82.13,2500.86,No
CUST00927,Female,1,5,Yes,Fiber optic,78.08,377.4,Yes
CUST00928,Female,0,3,No,Fiber optic,74.11,216.8,Yes
CUST00929,Male,0,1,Yes,Fiber optic,75.01,68.82,Yes
CUST00930,Female,0,31,No,No,97.93,3080.76,No
CUST00931,Female,0,1,Yes,DSL,108.72,112.68,Yes
CUST00932,Male,0,15,No,Fiber optic,30.58,518.95,Yes
CUST00933,Male,0,42,Yes,DSL,24.45,879.16,No
CUST00934,Female,0,65,Yes,DSL,59.06,3280.41,No
CUST00935,Female,0,8,No,DSL,84.77,637.61,No
CUST00936,Male,0,3,No,Fiber optic,61.01,208.02,No
CUST00937,Female,0,8,Yes,Fiber optic,62.39,488.4,Yes
CUST00938,Female,1,55,No,DSL,48.69,2982.81,No
CUST00939,Female,0,60,No,Fiber optic,23.09,969.31,No
CUST00940,Male,1,4,Yes,DSL,102.45,448.33,Yes
CUST00941,Female,0,10,No,Fiber optic,99.81,925.27,Yes
CUST00942,Female,0,7,Yes,Fiber optic,105.93,693.51,Yes
CUST00943,Male,0,59,Yes,Fiber optic,25.09,1324.52,Yes
CUST00944,Female,0,18,No,No,60.58,1208.48,No
CUST00945,Female,0,48,No,DSL,77.63,3753.04,No
CUST00946,Female,0,14,No,Fiber optic,77.21,953.33,No
CUST00947,Male,1,51,Yes,DSL,50.44,2794.88,Yes
CUST00948,Female,0,55,Yes,DSL,24.45,1098.35,No
CUST00949,Female,1,11,No,Fiber optic,73.3,831.3,Yes
CUST00950,Female,0,55,No,DSL,74.28,4174.75,No
CUST00951,Female,0,66,Yes,Fiber optic,54.59,3329.72,Yes
CUST00952,Female,0,11,No,DSL,102.63,1170.21,Yes
CUST00953,Female,0,22,Yes,DSL,82.39,1848.09,No
CUST00954,Male,1,19,No,Fiber optic,92.34,1864.93,No
CUST00955,Male,0,40,Yes,Fiber optic,32.54,1033.62,Yes
CUST00956,Male,0,49,Yes,DSL,66.98,3213.84,No
CUST00957,Female,0,69,No,DSL,74.39,4631.77,No
CUST00958,Female,0,7,Yes,Fiber optic,82.61,547.5,Yes
CUST00959,Female,0,58,Yes,Fiber optic,93.51,5010.43,No
CUST00960,Female,0,62,No,No,37.97,1918.44,No
CUST00961,Male,0,39,Yes,No,95.13,3496.16,No
CUST00962,Male,1,6,No,No,92.7,602.18,No
CUST00963,Female,0,64,Yes,DSL,61.62,3581.78,No
CUST00964,Female,0,57,No,DSL,92.21,5490.46,No
CUST00965,Female,0,14,No,Fiber optic,79.35,981.18,Yes
CUST00966,Male,0,10,Yes,DSL,96.23,1050.77,Yes
CUST00967,Female,0,65,No,No,97.71,,No
CUST00968,Male,0,57,No,Fiber optic,32.57,2358.15,Yes
CUST00969,Female,0,30,Yes,Fiber optic,57.57,1472.69,Yes
CUST00970,Female,0,35,No,DSL,90.19,3090.26,No
CUST00971,Female,0,24,No,DSL,91.72,2196.26,No
CUST00972,Female,0,23,Yes,Fiber optic,94.18,2169.6,No
CUST00973,Male,0,36,Yes,No,31.31,,No
CUST00974,Male,1,5,No,No,105.64,495.89,No
CUST00975,Female,0,17,No,No,64.49,930.01,No
CUST00976,Female,0,62,No,No,72.76,3956.78,No
CUST00977,Female,0,60,No,No,54.68,2987.69,No
CUST00978,Male,1,53,Yes,No,49.54,2673.52,Yes
CUST00979,Female,0,11,Yes,DSL,78.37,768.85,Yes
CUST00980,Male,0,4,No,DSL,102.8,373.22,Yes
CUST00981,Male,0,54,Yes,No,27.35,1002.75,No
CUST00982,Male,1,53,Yes,No,22.26,947.81,No
CUST00983,Male,0,69,No,Fiber optic,25.26,1240.58,No
CUST00984,Female,0,60,Yes,DSL,38.99,2586.18,No
CUST00985,Female,0,43,Yes,DSL,74.72,3022.34,No
CUST00986,Female,0,53,No,DSL,41.42,2583.29,No
CUST00987,Male,0,29,Yes,DSL,53.23,1678.17,No
CUST00988,Male,0,38,Yes,Fiber optic,50.16,1986.16,No
CUST00989,Female,1,37,No,DSL,81.0,2736.7,No
CUST00990,Female,0,46,Yes,DSL,76.49,3453.1,No
CUST00991,Female,0,6,Yes,DSL,68.12,439.42,No
CUST00992,Male,0,10,Yes,No,105.71,965.09,Yes
CUST00993,Male,0,11,No,DSL,88.09,879.11,Yes
CUST00994,Female,0,72,Yes,Fiber optic,42.92,3647.37,Yes
CUST00995,Female,0,63,No,DSL,74.96,4097.66,No
CUST00996,Male,0,7,No,Fiber optic,92.41,630.36,No
CUST00997,Male,1,52,Yes,DSL,89.76,4637.77,No
CUST00998,Female,0,47,Yes,DSL,25.49,1589.95,No
CUST00999,Male,0,33,No,DSL,81.08,2484.8,No
CUST01000,Female,0,65,Yes,DSL,34.18,2289.68,No
